image_path,entity,value,unit
../images/31+ZLMVIYaL.jpg,width,11,inch
../images/31+ZLMVIYaL.jpg,width,2.4,inch
../images/31+ZLMVIYaL.jpg,width,19,inch
../images/310NPa3PaBL.jpg,width,10.55,inch
../images/310NPa3PaBL.jpg,width,7,inch
../images/313BTK8GImL.jpg,width,3.85,inch
../images/313BTK8GImL.jpg,width,0.94,inch
../images/313pdWbda2L.jpg,width,1.97,inch
../images/313pdWbda2L.jpg,width,244,inch
../images/314W97aKACL.jpg,width,7.95,inch
../images/314W97aKACL.jpg,width,4.72,inch
../images/316PnYiSJaL.jpg,width,1.8,inch
../images/316PnYiSJaL.jpg,width,0.9,inch
../images/318Lz6xPwML.jpg,width,3.14,inch
../images/319B5g6Ef4L.jpg,width,9.68,inch
../images/319cFD09F3L.jpg,width,0.5,inch
../images/31a4ySDmMoL.jpg,width,2,inch
../images/31a4ySDmMoL.jpg,width,1234,inch
../images/31AC8CZ7v9L.jpg,width,7,inch
../images/31B5Y5m3O8L.jpg,item_weight,0.98,ounce
../images/31B5Y5m3O8L.jpg,width,1.5,inch
../images/31BMOyAbKCL.jpg,width,6,inch
../images/31BMOyAbKCL.jpg,width,7,inch
../images/31C-dwP5YbL.jpg,item_weight,0.98,ounce
../images/31C-dwP5YbL.jpg,width,1.5,inch
../images/31DPQHg8x7L.jpg,width,13,inch
../images/31dz6y5HF3L.jpg,width,19.7,inch
../images/31EGB7jY59L.jpg,width,6.37,inch
../images/31EGB7jY59L.jpg,width,3.18,inch
../images/31EyCgLW9gL.jpg,width,3.5,inch
../images/31fgIbTHQzL.jpg,width,17.3,inch
../images/31fgIbTHQzL.jpg,width,11,inch
../images/31fgIbTHQzL.jpg,width,17.3,inch
../images/31gQA1GGrfL.jpg,width,1.9,inch
../images/31gQA1GGrfL.jpg,width,8.9,inch
../images/31gQmTs74oS.jpg,width,1742,inch
../images/31GYNFKcORL.jpg,width,1.5,inch
../images/31GYNFKcORL.jpg,width,2,inch
../images/31HCuEv4XxL.jpg,width,2.95,inch
../images/31i01rGgaCL.jpg,width,6.37,inch
../images/31i01rGgaCL.jpg,width,3.18,inch
../images/31iPK1nrEZL.jpg,width,2.48,inch
../images/31iPK1nrEZL.jpg,width,055,inch
../images/31kRP-rMDQS.jpg,width,12.7,inch
../images/31LXWO+zF0L.jpg,width,1.1,inch
../images/31LXWO+zF0L.jpg,width,6.1,inch
../images/31lxX04iqWL.jpg,width,0.87,inch
../images/31MIc5BiJGL.jpg,width,15.75,inch
../images/31MOQDoH4EL.jpg,width,9.5,inch
../images/31MOQDoH4EL.jpg,width,2.2,inch
../images/31MOQDoH4EL.jpg,width,17.5,inch
../images/31Mqfskl6bL.jpg,width,35.4,inch
../images/31Mqfskl6bL.jpg,width,15.7,inch
../images/31OJ19n8ITL.jpg,width,2.5,inch
../images/31omE-UnC5L.jpg,width,0.78,inch
../images/31p-Z9liHQL.jpg,item_weight,29,gram
../images/31prZkFntnL.jpg,width,6,inch
../images/31prZkFntnL.jpg,width,2,inch
../images/31qIVAU9c7L.jpg,width,2,inch
../images/31sfM9fcHeS.jpg,width,2,inch
../images/31teWW3GwtL.jpg,width,44,inch
../images/31teWW3GwtL.jpg,width,50,inch
../images/31THDhB90cL.jpg,width,18,inch
../images/31THDhB90cL.jpg,width,12,inch
../images/31UiuuN2AuL.jpg,width,18,inch
../images/31UiuuN2AuL.jpg,width,12,inch
../images/31v6h0MXTML.jpg,width,3,inch
../images/31v6h0MXTML.jpg,width,2.3,inch
../images/31vyknpRngS.jpg,width,1.2,inch
../images/31WhsFsjZGL.jpg,width,1.41,inch
../images/31WhsFsjZGL.jpg,width,0.9,inch
../images/31x2SW3RHIS.jpg,width,6.2,inch
../images/31x2SW3RHIS.jpg,width,0.35,inch
../images/31xQImI3TqL.jpg,width,8,inch
../images/31xQImI3TqL.jpg,width,10,inch
../images/31xQImI3TqL.jpg,width,12,inch
../images/31xVugPJf8L.jpg,width,3.5,inch
../images/31XwJvFzI2L.jpg,width,1.41,inch
../images/31XwJvFzI2L.jpg,width,0.9,inch
../images/31zJfNVAVsL.jpg,width,30.2,inch
../images/41+9gPh9kvL.jpg,width,26.7,inch
../images/41+9gPh9kvL.jpg,width,46.4,inch
../images/41+9oYuboeL.jpg,width,20,inch
../images/41+9oYuboeL.jpg,width,20,inch
../images/41+ABassyQL.jpg,width,7.9,inch
../images/41+bbl+O77L.jpg,width,0.39,inch
../images/41+bbl+O77L.jpg,width,5.75,inch
../images/41+CEVIk-1L.jpg,width,2.3,inch
../images/41+IXjAf9qL.jpg,width,7.87,inch
../images/41+IXjAf9qL.jpg,width,14.17,inch
../images/41+IXjAf9qL.jpg,width,4.33,inch
../images/41+K5xXmF+L.jpg,width,157.48,inch
../images/41+KFJSnXyS.jpg,width,4.32,inch
../images/41+loHA8ScL.jpg,width,8,inch
../images/41+loHA8ScL.jpg,width,78,inch
../images/41+MSvsPUhS.jpg,width,5.12,inch
../images/41+MSvsPUhS.jpg,width,9.05,inch
../images/41+NVocG0hL.jpg,width,2.87,inch
../images/41+NVocG0hL.jpg,width,8.26,inch
../images/41+ORYcreXL.jpg,width,6.8,inch
../images/41+ORYcreXL.jpg,width,3.5,inch
../images/41+PM1haPML.jpg,width,13,inch
../images/41+PM1haPML.jpg,width,15,inch
../images/41+PM1haPML.jpg,width,13,inch
../images/41+Sk3bdzbL.jpg,width,2,inch
../images/41+sQR+pNhL.jpg,width,0.79,inch
../images/41+t7s41k7L.jpg,width,59,inch
../images/41+t7s41k7L.jpg,width,105,inch
../images/41+TRaeVFcL.jpg,width,12,inch
../images/41+TRaeVFcL.jpg,width,7.67,inch
../images/41+tSWnLsAL.jpg,width,9.6,inch
../images/41+tSWnLsAL.jpg,width,24,inch
../images/41+UfHx05SL.jpg,width,6,inch
../images/41+UfHx05SL.jpg,width,6,inch
../images/41+VJSWHdpL.jpg,width,10,inch
../images/41+VJSWHdpL.jpg,width,9.7,inch
../images/41+VJSWHdpL.jpg,width,6,inch
../images/41+Wa6GUl3L.jpg,width,0.7,inch
../images/41+Wa6GUl3L.jpg,width,1.2,inch
../images/41+wcBdK5hL.jpg,width,4,inch
../images/41+wcBdK5hL.jpg,width,6,inch
../images/41+wcBdK5hL.jpg,width,10,inch
../images/41+wQxchUkL.jpg,width,16,inch
../images/41-+YNioQ5L.jpg,width,16,inch
../images/41-+YNioQ5L.jpg,width,18,inch
../images/41-+YNioQ5L.jpg,width,20,inch
../images/41-5XNM4QhL.jpg,width,0.98,inch
../images/41-5XNM4QhL.jpg,width,7,inch
../images/41-7+hGTF+L.jpg,width,13.39,inch
../images/41-7w1ArPCL.jpg,width,1.38,inch
../images/41-8f9Ae1cL.jpg,width,18.31,inch
../images/41-8f9Ae1cL.jpg,width,73.43,inch
../images/41-9cKOuuBL.jpg,width,7.67,inch
../images/41-9gLG+E7L.jpg,width,24,inch
../images/41-9gLG+E7L.jpg,width,16,inch
../images/41-9gLG+E7L.jpg,width,16,inch
../images/41-9gLG+E7L.jpg,width,16,inch
../images/41-DVomXuZL.jpg,width,1.97,inch
../images/41-DVomXuZL.jpg,width,3.54,inch
../images/41-GavJyN2L.jpg,width,2.95,inch
../images/41-GavJyN2L.jpg,width,4.13,inch
../images/41-k58TFLiL.jpg,width,4.13,inch
../images/41-k58TFLiL.jpg,width,14.53,inch
../images/41-k58TFLiL.jpg,width,9.65,inch
../images/41-lhMUQ8SL.jpg,width,0.39,inch
../images/41-mXc5Kt4S.jpg,width,6.12,inch
../images/41-mXc5Kt4S.jpg,width,1.79,inch
../images/41-odzyOK+L.jpg,width,10,inch
../images/41-odzyOK+L.jpg,width,10,inch
../images/41-Ou2P5pSL.jpg,width,12.16,inch
../images/41-Ou2P5pSL.jpg,width,3.54,inch
../images/41-Ou2P5pSL.jpg,width,12.16,inch
../images/41-Ou2P5pSL.jpg,width,3.54,inch
../images/41-Ou2P5pSL.jpg,width,12.16,inch
../images/41-Ou2P5pSL.jpg,width,3.54,inch
../images/41-PDuX5erL.jpg,width,0.24,inch
../images/41-sqrfmLRL.jpg,width,23.5,inch
../images/41-sqrfmLRL.jpg,width,19.5,inch
../images/41-SspUFHtL.jpg,width,6.8,inch
../images/41-TQ-O4ELL.jpg,width,1.42,inch
../images/41-vpgMv5iL.jpg,width,98,inch
../images/41-vpgMv5iL.jpg,width,8.66,inch
../images/41-WSabDDnL.jpg,width,3.7,inch
../images/4104MQdi4oL.jpg,width,8,inch
../images/4104MQdi4oL.jpg,width,9,inch
../images/4104tsV6CYL.jpg,width,10.5,inch
../images/4108EE-Z4qL.jpg,width,2.79,inch
../images/410dOtdexlL.jpg,width,3.35,inch
../images/410fEkiWMGL.jpg,width,13.38,inch
../images/410pFo2hK3L.jpg,width,1.97,inch
../images/410pFo2hK3L.jpg,width,91,inch
../images/410q0GlpKgL.jpg,width,60,inch
../images/410r9EKBrWL.jpg,width,6,inch
../images/410r9EKBrWL.jpg,width,10.2,inch
../images/410Sq+UjegL.jpg,width,2.83,inch
../images/410T1+l7IXL.jpg,width,12,inch
../images/410T1+l7IXL.jpg,width,16,inch
../images/410TrA4TLQL.jpg,width,3.35,inch
../images/410ykom2gNL.jpg,width,4.72,inch
../images/410ykom2gNL.jpg,width,6.3,inch
../images/411oxJXqf3S.jpg,width,8,inch
../images/411oxJXqf3S.jpg,width,12,inch
../images/411oxJXqf3S.jpg,width,0.1,inch
../images/411qYylOd6L.jpg,width,0.9,inch
../images/411qYylOd6L.jpg,width,1.9,inch
../images/411sGsi0m8L.jpg,width,60,inch
../images/411T10vT9iL.jpg,width,17.71,inch
../images/411WGq57HFL.jpg,width,9,inch
../images/411z19kVD+L.jpg,width,3.15,inch
../images/412-7XzprqL.jpg,width,2,inch
../images/4122wS1p5bL.jpg,width,18,inch
../images/412b9voOSbL.jpg,width,20,inch
../images/412b9voOSbL.jpg,width,24,inch
../images/412b9voOSbL.jpg,width,28,inch
../images/412b9voOSbL.jpg,width,32,inch
../images/412kPcEDr9L.jpg,width,12.2,inch
../images/412kPcEDr9L.jpg,width,6.3,inch
../images/412r742MXoS.jpg,width,12,inch
../images/412ZqPzZgjL.jpg,width,10.63,inch
../images/412ZqPzZgjL.jpg,width,9,inch
../images/412ZqPzZgjL.jpg,width,21.65,inch
../images/413Ae9-thSL.jpg,width,787,inch
../images/413BLJzX1hL.jpg,width,2.8,inch
../images/413BLJzX1hL.jpg,width,03.3,inch
../images/413BLJzX1hL.jpg,width,3,inch
../images/413CeBtcy6L.jpg,width,8,inch
../images/413CeBtcy6L.jpg,width,6,inch
../images/413CeBtcy6L.jpg,width,3,inch
../images/413hRHI+kfL.jpg,width,10.2,inch
../images/413hRHI+kfL.jpg,width,15,inch
../images/413hRHI+kfL.jpg,width,4,inch
../images/413IIlKtIJL.jpg,width,6,inch
../images/413IIlKtIJL.jpg,width,8,inch
../images/413oJR5xNyL.jpg,width,2,inch
../images/413SKmmIYML.jpg,width,21,inch
../images/413TSDNniBL.jpg,width,8.6,inch
../images/413TSDNniBL.jpg,width,24,inch
../images/413U3Nt10gL.jpg,width,16,inch
../images/413vHyQPkoL.jpg,width,78.74,inch
../images/413vHyQPkoL.jpg,width,3.94,inch
../images/413xonlBe-L.jpg,width,2,inch
../images/413xonlBe-L.jpg,width,15.8,inch
../images/413zK40h+4L.jpg,width,118.11,inch
../images/413zK40h+4L.jpg,width,47.24,inch
../images/413Zm-qbwwL.jpg,width,4.5,inch
../images/413Zm-qbwwL.jpg,width,6.5,inch
../images/4146FBkaddL.jpg,width,7.87,inch
../images/4148f1gP2ZL.jpg,width,5.12,inch
../images/4149Hh4wakL.jpg,width,2.5,inch
../images/4149Hh4wakL.jpg,width,6,inch
../images/414GD05z9fL.jpg,width,051,inch
../images/414GD05z9fL.jpg,width,2.44,inch
../images/414hQjqa2BL.jpg,width,9,inch
../images/414I+9t1eyL.jpg,width,3.5,inch
../images/414i6tFgg+L.jpg,width,7,inch
../images/414i6tFgg+L.jpg,width,8,inch
../images/414L6717LEL.jpg,item_weight,45,pound
../images/414NDAPBI8L.jpg,width,20.8,inch
../images/414NDAPBI8L.jpg,width,59,inch
../images/414qz-upfKL.jpg,width,7.95,inch
../images/414Sx3tt-oL.jpg,width,4.7,inch
../images/414U1loigOL.jpg,width,3.55,inch
../images/414U1loigOL.jpg,width,3.15,inch
../images/414vaTqZg+L.jpg,width,3,inch
../images/414vaTqZg+L.jpg,width,8.7,inch
../images/414VhHUlfJL.jpg,width,3.6,inch
../images/414w3OWsRWL.jpg,width,18,inch
../images/414w3OWsRWL.jpg,width,0.39,inch
../images/4153ohqN-FL.jpg,width,1.57,inch
../images/4153ohqN-FL.jpg,width,0.78,inch
../images/415DcWhYf6S.jpg,width,18,inch
../images/415DcWhYf6S.jpg,width,23.5,inch
../images/415FY0ctgRL.jpg,width,9,inch
../images/415gmM-ZkZL.jpg,width,6.5,inch
../images/415KQznJIGL.jpg,width,1.07,inch
../images/415KQznJIGL.jpg,width,2.71,inch
../images/415LDH-UJJL.jpg,width,4,inch
../images/415LDH-UJJL.jpg,width,0.8,inch
../images/415lXP-VzRS.jpg,width,22,inch
../images/415nDqdOm0L.jpg,width,1.29,inch
../images/415nDqdOm0L.jpg,width,8,inch
../images/415nDqdOm0L.jpg,width,82,inch
../images/415nVhaazKL.jpg,width,21,inch
../images/415pQruTzTL.jpg,item_weight,1,gram
../images/415QVwtQaCL.jpg,width,78.74,inch
../images/415QVwtQaCL.jpg,width,3.94,inch
../images/415secXf2vL.jpg,width,8,inch
../images/415sV+8siEL.jpg,width,79,inch
../images/415sV+8siEL.jpg,width,3.23,inch
../images/415sV+8siEL.jpg,width,4.33,inch
../images/4160LB0mXwL.jpg,width,5.9,inch
../images/4160LB0mXwL.jpg,width,18.58,inch
../images/4160LB0mXwL.jpg,width,6,inch
../images/4160QosyT5L.jpg,item_weight,1.23,ounce
../images/416G1eZSxIL.jpg,width,39.37,inch
../images/416GzBJ6yBL.jpg,width,15.6,inch
../images/416IiU9vXBL.jpg,width,78.74,inch
../images/416IiU9vXBL.jpg,width,3.94,inch
../images/416IJnLmrcL.jpg,width,6.30,inch
../images/416IJnLmrcL.jpg,width,2.75,inch
../images/416IJnLmrcL.jpg,width,2.75,inch
../images/416iyULaDtL.jpg,width,20.7,inch
../images/416LoU9EELL.jpg,width,3.27,inch
../images/416LoU9EELL.jpg,width,7,inch
../images/416ObkNov9L.jpg,width,5.3,inch
../images/416ObkNov9L.jpg,width,15.9,inch
../images/416ObkNov9L.jpg,width,15.9,inch
../images/416OOvwGTdL.jpg,width,15,inch
../images/416pLt31P+L.jpg,width,14,inch
../images/416w9HkELUL.jpg,width,23.5,inch
../images/416w9HkELUL.jpg,width,30,inch
../images/416w9HkELUL.jpg,width,40,inch
../images/416wHP84c3L.jpg,width,47,inch
../images/416yCrBHzNL.jpg,width,3,inch
../images/416yPCYW1kL.jpg,width,19.69,inch
../images/416yPCYW1kL.jpg,width,0.79,inch
../images/416ZhGRPiPL.jpg,width,32,inch
../images/4176HAPMbtL.jpg,width,2,inch
../images/417BBNvzPvL.jpg,width,17.7,inch
../images/417K9DR2e5L.jpg,width,0.11,inch
../images/417rUpP4+bL.jpg,width,5.12,inch
../images/417rUpP4+bL.jpg,width,9.84,inch
../images/417uZWNbheL.jpg,width,108,inch
../images/417W9BCQNBL.jpg,width,2.16,inch
../images/417W9BCQNBL.jpg,width,6.69,inch
../images/417WN5u5VyS.jpg,width,1.49,inch
../images/417WN5u5VyS.jpg,width,1.88,inch
../images/417xfjeu88L.jpg,width,5.9,inch
../images/417xfjeu88L.jpg,width,7.67,inch
../images/417xfjeu88L.jpg,width,9.84,inch
../images/417ZxCH6F-L.jpg,width,1.25,inch
../images/417ZxCH6F-L.jpg,width,5.1,inch
../images/417ZylSNDPL.jpg,width,78,inch
../images/417ZylSNDPL.jpg,width,72,inch
../images/418A9BSgt9L.jpg,width,11,inch
../images/418A9BSgt9L.jpg,width,3.5,inch
../images/418cp6P+laS.jpg,width,2.4,inch
../images/418cp6P+laS.jpg,width,3,inch
../images/418cp6P+laS.jpg,width,6.7,inch
../images/418cp6P+laS.jpg,width,2.8,inch
../images/418GCxtRRZL.jpg,width,20,inch
../images/418GCxtRRZL.jpg,width,22,inch
../images/418GCxtRRZL.jpg,width,24,inch
../images/418GCxtRRZL.jpg,width,28,inch
../images/418GCxtRRZL.jpg,width,30,inch
../images/418gG5q3ruL.jpg,width,60,inch
../images/418Irlso-lL.jpg,width,3.58,inch
../images/418j0IUULML.jpg,item_weight,3,gram
../images/418K3y-prWL.jpg,width,12,inch
../images/418K3y-prWL.jpg,width,18,inch
../images/418KcdJ2DOL.jpg,width,5.5,inch
../images/418KcdJ2DOL.jpg,width,2.2,inch
../images/418L6BuhAjL.jpg,width,13.5,inch
../images/418L6BuhAjL.jpg,width,9.5,inch
../images/418ob3IBskL.jpg,width,5.9,inch
../images/418ob3IBskL.jpg,width,10.6,inch
../images/418OxOO9SdL.jpg,width,9,inch
../images/418RYQkTjQL.jpg,width,5.5,inch
../images/418TX4La8aL.jpg,width,2.6,inch
../images/418TX4La8aL.jpg,width,3.6,inch
../images/418USOoBsqL.jpg,width,3.93,inch
../images/418USOoBsqL.jpg,width,7.87,inch
../images/418z34c4QYL.jpg,width,39,inch
../images/418z34c4QYL.jpg,width,2,inch
../images/419-9K+Y+0L.jpg,width,5.9,inch
../images/419-9K+Y+0L.jpg,width,9,inch
../images/4192z+WZKLL.jpg,width,7,inch
../images/4195b-K1LvS.jpg,width,52,inch
../images/4195b-K1LvS.jpg,width,28,inch
../images/4195b-K1LvS.jpg,width,28,inch
../images/419a6JOEvhL.jpg,width,118.11,inch
../images/419a6JOEvhL.jpg,width,4,inch
../images/419Db8KnoLS.jpg,width,3,inch
../images/419Db8KnoLS.jpg,width,2,inch
../images/419GPM0bSmL.jpg,width,25.2,inch
../images/419NQoCpaRL.jpg,width,38,inch
../images/419NQoCpaRL.jpg,width,37,inch
../images/419nV0GE-kL.jpg,width,182.8,inch
../images/419oQS143eL.jpg,width,3.43,inch
../images/419oQS143eL.jpg,width,1.54,inch
../images/419wVjL6qIL.jpg,width,32,inch
../images/419wVjL6qIL.jpg,width,24,inch
../images/419wVjL6qIL.jpg,width,24,inch
../images/419wVjL6qIL.jpg,width,24,inch
../images/419wVjL6qIL.jpg,width,32,inch
../images/419Z4iyS6SL.jpg,width,16,inch
../images/419Z4iyS6SL.jpg,width,4,inch
../images/41A+-LPyAbL.jpg,width,1.38,inch
../images/41A0npvGocL.jpg,width,4.06,inch
../images/41A0npvGocL.jpg,width,0.55,inch
../images/41A1iZxJvxL.jpg,width,9.09,inch
../images/41A1iZxJvxL.jpg,width,3.85,inch
../images/41A1iZxJvxL.jpg,width,5.11,inch
../images/41a4pXurykL.jpg,width,3.1,inch
../images/41a57dXlSIL.jpg,width,1.96,inch
../images/41A5s9mbuFL.jpg,width,7.55,inch
../images/41A5s9mbuFL.jpg,width,2,inch
../images/41a6gSOwHmL.jpg,width,72,inch
../images/41A6mjVtfQL.jpg,width,7.5,inch
../images/41A9+hHtDzL.jpg,width,4.3,inch
../images/41A9bzi3jcL.jpg,width,6,inch
../images/41AAc7sdw9L.jpg,width,22,inch
../images/41AAc7sdw9L.jpg,width,2,inch
../images/41AbD108wvL.jpg,width,1.91,inch
../images/41AbD108wvL.jpg,width,4.33,inch
../images/41ace2MCwOL.jpg,width,2.50,inch
../images/41ace2MCwOL.jpg,width,3.50,inch
../images/41ADzgJzM7L.jpg,width,36,inch
../images/41AEA6BRXKL.jpg,width,4.13,inch
../images/41AEA6BRXKL.jpg,width,4.72,inch
../images/41AEA6BRXKL.jpg,width,1.49,inch
../images/41AeX4U2jcL.jpg,width,1.18,inch
../images/41AeX4U2jcL.jpg,width,7.28,inch
../images/41AFlDZOH4L.jpg,width,98,inch
../images/41AFlDZOH4L.jpg,width,71,inch
../images/41AGH7xVm3L.jpg,item_volume,33,cup
../images/41agrTfmeML.jpg,width,2,inch
../images/41agrTfmeML.jpg,width,9,inch
../images/41AH3-SBz8L.jpg,item_weight,1.10,ounce
../images/41ah47Ajo7L.jpg,width,5,inch
../images/41AHaW0XhkL.jpg,width,1.9,inch
../images/41AhdcJEz-L.jpg,width,22,inch
../images/41AhdcJEz-L.jpg,width,12.59,inch
../images/41aJNlyncxL.jpg,width,9,inch
../images/41aJNlyncxL.jpg,width,2,inch
../images/41AKdgEC92L.jpg,width,8,inch
../images/41AKdgEC92L.jpg,width,14.5,inch
../images/41AnkRjwerS.jpg,width,2.51,inch
../images/41AnkRjwerS.jpg,width,11.81,inch
../images/41ANsOwXQOL.jpg,width,1.37,inch
../images/41ANsOwXQOL.jpg,width,5.98,inch
../images/41Ar-U-MhGS.jpg,width,30,inch
../images/41Ar-U-MhGS.jpg,width,31,inch
../images/41Ar-U-MhGS.jpg,width,36,inch
../images/41au3HV2p1L.jpg,width,39,inch
../images/41au3HV2p1L.jpg,width,7.5,inch
../images/41au3HV2p1L.jpg,width,1.18,inch
../images/41aVRgiZ7YL.jpg,width,1.38,inch
../images/41aVRgiZ7YL.jpg,width,39,inch
../images/41AxeNWRE2L.jpg,width,1.8,inch
../images/41AxeNWRE2L.jpg,width,0.8,inch
../images/41aXiIoc3CL.jpg,width,6.10,inch
../images/41aXiIoc3CL.jpg,width,1.38,inch
../images/41aYUEPTUlL.jpg,width,2.76,inch
../images/41aYUEPTUlL.jpg,width,23.6,inch
../images/41aYUEPTUlL.jpg,width,1.77,inch
../images/41b+1LzqDBL.jpg,width,4.8,inch
../images/41b+H6Qle+L.jpg,width,1.97,inch
../images/41B-SGXuRyL.jpg,width,3.4,inch
../images/41b0+M3KUJL.jpg,width,9,inch
../images/41b37mVfC-L.jpg,width,2.36,inch
../images/41BAplowvWL.jpg,width,1.8,inch
../images/41BAplowvWL.jpg,width,7.3,inch
../images/41BAplowvWL.jpg,width,0.9,inch
../images/41BC2ismsCL.jpg,width,1,inch
../images/41bcxMTb5YS.jpg,width,1,inch
../images/41bcxMTb5YS.jpg,width,9.4,inch
../images/41beAlc3dcL.jpg,width,1.6,inch
../images/41BEvxXYMuL.jpg,width,4,inch
../images/41BeYyrEovL.jpg,width,26,inch
../images/41BeYyrEovL.jpg,width,9.4,inch
../images/41bFdG5EZVL.jpg,width,0.98,inch
../images/41BFeGlnQXL.jpg,width,6,inch
../images/41BFEJtQT5L.jpg,width,11.5,inch
../images/41BFEJtQT5L.jpg,width,2,inch
../images/41bHe52yMeL.jpg,width,27.5,inch
../images/41bIKIVuwSL.jpg,width,54,inch
../images/41bIKIVuwSL.jpg,width,108,inch
../images/41BJafzwhAL.jpg,item_weight,250,gram
../images/41bKX0H-0ML.jpg,width,2,inch
../images/41bKX0H-0ML.jpg,width,97,inch
../images/41bKX0H-0ML.jpg,width,4,inch
../images/41BlifxKISL.jpg,width,4.7,inch
../images/41Bnw8ALmyL.jpg,width,135,metre
../images/41bpDrN8tHL.jpg,width,5.11,inch
../images/41bpDrN8tHL.jpg,width,18.89,inch
../images/41BPrtlLuZL.jpg,width,8.46,inch
../images/41bqt1qZbBL.jpg,width,3.9,inch
../images/41brqaLBLtL.jpg,width,10,inch
../images/41bTf1jMAJL.jpg,item_weight,1.5,gram
../images/41buyvffteL.jpg,width,9.6,inch
../images/41BvNzp8kAL.jpg,width,6,inch
../images/41BxB+sN-YS.jpg,width,74,inch
../images/41BxB+sN-YS.jpg,width,48,inch
../images/41bXObRITVL.jpg,width,10.6,inch
../images/41bXObRITVL.jpg,width,12.3,inch
../images/41bYXca6MjL.jpg,width,1.85,inch
../images/41bZihH9t8L.jpg,width,2.95,inch
../images/41bZihH9t8L.jpg,width,3.94,inch
../images/41BZOipqxmL.jpg,width,7.87,inch
../images/41bZVZi37DL.jpg,width,2,inch
../images/41c0Qzjw79L.jpg,width,17.7,inch
../images/41c0Qzjw79L.jpg,width,11.8,inch
../images/41c0Qzjw79L.jpg,width,6,inch
../images/41c2cxU9dlL.jpg,width,2.8,inch
../images/41c2cxU9dlL.jpg,width,4.3,inch
../images/41C7TFEajnL.jpg,width,3.62,inch
../images/41c95SQh9dL.jpg,width,6.3,inch
../images/41cAWtNJseL.jpg,width,0.79,inch
../images/41cAWtNJseL.jpg,width,8.74,inch
../images/41cAWtNJseL.jpg,width,1.65,inch
../images/41CBqOIC49L.jpg,width,5,inch
../images/41cCabF-d0L.jpg,width,26,inch
../images/41cCabF-d0L.jpg,width,20,inch
../images/41CDeZBC71S.jpg,width,6.69,inch
../images/41Ce+aUbVRL.jpg,width,4.72,inch
../images/41Ce+aUbVRL.jpg,width,4.72,inch
../images/41Ce+aUbVRL.jpg,width,9.84,inch
../images/41CEjh2so0L.jpg,item_volume,1.5,cup
../images/41cGrg2vRbL.jpg,width,13.38,inch
../images/41cGrg2vRbL.jpg,width,3.6,inch
../images/41CGrt17MZS.jpg,width,3.15,inch
../images/41CH8r5b68L.jpg,item_weight,250,gram
../images/41ChryigjZL.jpg,width,33,inch
../images/41cI4EjXz+L.jpg,width,4.33,inch
../images/41cI4EjXz+L.jpg,width,76,inch
../images/41cI4EjXz+L.jpg,width,2.76,inch
../images/41CjZrsGR+L.jpg,width,2.28,inch
../images/41CjZrsGR+L.jpg,width,4.53,inch
../images/41co4asPZyL.jpg,width,12.4,inch
../images/41cPzgn2-iS.jpg,width,2.25,inch
../images/41ct871jIHL.jpg,width,45,inch
../images/41ct871jIHL.jpg,width,72,inch
../images/41ct871jIHL.jpg,width,97,inch
../images/41cveq3wHAL.jpg,width,2,inch
../images/41CW0rAzIbL.jpg,width,12,inch
../images/41CW0rAzIbL.jpg,width,9,inch
../images/41cwO9aDbUL.jpg,width,1.26,inch
../images/41cwO9aDbUL.jpg,width,1.1,inch
../images/41CxUoHapdL.jpg,width,16.4,inch
../images/41CxUoHapdL.jpg,width,10.6,inch
../images/41CxUoHapdL.jpg,width,6.5,inch
../images/41CzzUDL2JL.jpg,width,27.3,inch
../images/41CzzUDL2JL.jpg,width,27.3,inch
../images/41d2R1Bh4LL.jpg,width,6,yard
../images/41D3BA5Sg-S.jpg,width,12,inch
../images/41D3BA5Sg-S.jpg,width,14,inch
../images/41D3BA5Sg-S.jpg,width,16,inch
../images/41d4Nixx+3L.jpg,width,3.9,inch
../images/41D5AEtNA2S.jpg,width,18,inch
../images/41D5AEtNA2S.jpg,width,9,inch
../images/41D5AEtNA2S.jpg,width,7,inch
../images/41D9ijBx15L.jpg,width,6.5,inch
../images/41Da4R29-cL.jpg,width,11.8,inch
../images/41DaYAixOZL.jpg,width,6.3,inch
../images/41dcuXW+JdL.jpg,width,3.86,inch
../images/41dcuXW+JdL.jpg,width,7.41,inch
../images/41ddEDzg+QS.jpg,width,10.04,inch
../images/41ddEDzg+QS.jpg,width,3.35,inch
../images/41Def1UpRtL.jpg,width,12,inch
../images/41Def1UpRtL.jpg,width,10,inch
../images/41Def1UpRtL.jpg,width,8,inch
../images/41dFSAi8idL.jpg,width,0.56,inch
../images/41dFSAi8idL.jpg,width,9.5,inch
../images/41dgd+0FpQL.jpg,width,8.27,inch
../images/41diZYI0A+L.jpg,width,12,inch
../images/41dKcu1NtRL.jpg,width,11.79,inch
../images/41dKcu1NtRL.jpg,width,39,inch
../images/41DoaVZsgCL.jpg,width,6,inch
../images/41DoPnBjFdL.jpg,width,13,inch
../images/41DoPnBjFdL.jpg,width,1.5,inch
../images/41DoPnBjFdL.jpg,width,8,inch
../images/41DoPnBjFdL.jpg,width,1.25,inch
../images/41DoPnBjFdL.jpg,width,1.25,inch
../images/41DoPnBjFdL.jpg,width,4.5,inch
../images/41DoPnBjFdL.jpg,width,4.25,inch
../images/41DotMVG9kL.jpg,width,3.6,inch
../images/41DotMVG9kL.jpg,width,15,inch
../images/41DotMVG9kL.jpg,width,10,inch
../images/41Dp04D6N5L.jpg,width,10,inch
../images/41dQUF2UWTL.jpg,width,1.9,inch
../images/41DSXI1Mf2L.jpg,width,8,inch
../images/41DvU1ozBpL.jpg,width,20,inch
../images/41DvU1ozBpL.jpg,width,2.17,inch
../images/41DvU1ozBpL.jpg,width,0.7,inch
../images/41dxyoAvTdL.jpg,width,8.25,inch
../images/41DyALlpd+L.jpg,width,7.75,inch
../images/41DYbgLRKJL.jpg,width,33,inch
../images/41DYbgLRKJL.jpg,width,33,inch
../images/41DYbgLRKJL.jpg,width,95,inch
../images/41DYbgLRKJL.jpg,width,3.93,inch
../images/41DYbgLRKJL.jpg,width,3.54,inch
../images/41DZMCYbAPL.jpg,width,5.1,inch
../images/41DzTCEIM+L.jpg,width,0.98,inch
../images/41DzTCEIM+L.jpg,width,7,inch
../images/41dztdVNzYL.jpg,width,0.91,inch
../images/41dztdVNzYL.jpg,width,3.35,inch
../images/41e+7zcp2JL.jpg,width,3.54,inch
../images/41e+7zcp2JL.jpg,width,3.14,inch
../images/41e+7zcp2JL.jpg,width,3.14,inch
../images/41E+h1Cs3gL.jpg,width,32,inch
../images/41E+h1Cs3gL.jpg,width,32,inch
../images/41E0mVVQxFS.jpg,width,4,inch
../images/41E0mVVQxFS.jpg,width,3.3,inch
../images/41E0mVVQxFS.jpg,width,2.7,inch
../images/41E2Xsa2+UL.jpg,width,1.29,inch
../images/41E2Xsa2+UL.jpg,width,0.47,inch
../images/41E73g2lHYL.jpg,width,79,inch
../images/41E8uxisIGL.jpg,width,5.11,inch
../images/41e8yFeHONL.jpg,width,3.14,inch
../images/41e8yFeHONL.jpg,width,3.14,inch
../images/41eacV+KvKL.jpg,width,8.4,inch
../images/41eAPYDCO6L.jpg,width,15,inch
../images/41EBmNU9lpL.jpg,width,12,inch
../images/41EBmNU9lpL.jpg,width,12,inch
../images/41Ebr0X7QNL.jpg,width,3,inch
../images/41ECzCmUTqL.jpg,width,42,inch
../images/41ECzCmUTqL.jpg,width,61,inch
../images/41eElpwF3DL.jpg,width,2,inch
../images/41eF2T8Bm4L.jpg,width,6.6,inch
../images/41EiS8gjx1L.jpg,width,0.41,inch
../images/41EiS8gjx1L.jpg,width,0.55,inch
../images/41EiS8gjx1L.jpg,width,10.23,inch
../images/41EiS8gjx1L.jpg,width,1.18,inch
../images/41EiS8gjx1L.jpg,width,1.57,inch
../images/41EiS8gjx1L.jpg,width,0.45,inch
../images/41EjR2cLoSL.jpg,width,2.2,inch
../images/41EjR2cLoSL.jpg,width,3.1,inch
../images/41eL9BqcGAL.jpg,width,14.9,inch
../images/41eL9BqcGAL.jpg,width,3.9,inch
../images/41eL9BqcGAL.jpg,width,14.9,inch
../images/41EM94j+luL.jpg,width,4,inch
../images/41EmbkeptZL.jpg,width,18,inch
../images/41eO9g9ftpL.jpg,item_volume,1.5,cup
../images/41eoayiOyOL.jpg,width,0.19,inch
../images/41eoayiOyOL.jpg,width,0.43,inch
../images/41eoayiOyOL.jpg,width,0.39,inch
../images/41EQIET60eL.jpg,width,3,inch
../images/41EQIET60eL.jpg,width,7.8,inch
../images/41EQIET60eL.jpg,width,1.38,inch
../images/41EqU32jhjL.jpg,width,7.9,inch
../images/41EtcINjQ4L.jpg,width,35.43,inch
../images/41eTScS5KeL.jpg,width,2.76,inch
../images/41eTScS5KeL.jpg,width,35.4,inch
../images/41eTScS5KeL.jpg,width,1.77,inch
../images/41ETX-Xj1KS.jpg,width,12,inch
../images/41EUZlye00L.jpg,width,12.2,inch
../images/41EUZlye00L.jpg,width,9.84,inch
../images/41eWTLftI2L.jpg,width,2.36,inch
../images/41ExCVbVyhL.jpg,width,8,inch
../images/41EXz-vG3kL.jpg,width,11,inch
../images/41EXz-vG3kL.jpg,width,3.5,inch
../images/41f0927mF3L.jpg,width,0.31,inch
../images/41f0927mF3L.jpg,width,0.4,inch
../images/41f0927mF3L.jpg,width,0.31,inch
../images/41F1oRCkcwL.jpg,width,1.18,inch
../images/41F1oRCkcwL.jpg,width,8.86,inch
../images/41F1oRCkcwL.jpg,width,8.66,inch
../images/41f2gHYck2L.jpg,width,32,inch
../images/41f3ysJyYWL.jpg,width,23.6,inch
../images/41F4aDjIa5L.jpg,width,0.43,inch
../images/41F4aDjIa5L.jpg,width,0.16,inch
../images/41F4aDjIa5L.jpg,width,0.91,inch
../images/41F4aDjIa5L.jpg,width,17,inch
../images/41F5TW+66VL.jpg,item_weight,1.10,ounce
../images/41F7Jpcj13L.jpg,width,1.4,inch
../images/41F7Jpcj13L.jpg,width,5.9,inch
../images/41F7Jpcj13L.jpg,width,2.2,inch
../images/41F7Jpcj13L.jpg,width,5.9,inch
../images/41F7Jpcj13L.jpg,width,8.66,inch
../images/41fB9U7XXIL.jpg,width,1.97,inch
../images/41fCHOY7wXL.jpg,width,59.1,inch
../images/41fCHOY7wXL.jpg,width,35.4,inch
../images/41FCLyLwcVL.jpg,width,67,inch
../images/41fdkVBDv6S.jpg,width,18,inch
../images/41feCi0brlS.jpg,width,3.23,inch
../images/41feCi0brlS.jpg,width,4,inch
../images/41feCi0brlS.jpg,width,48,inch
../images/41fEdKZ1FnL.jpg,width,60,inch
../images/41fEdKZ1FnL.jpg,width,71,inch
../images/41ffoP+pEVL.jpg,width,78.7,inch
../images/41ffoP+pEVL.jpg,width,3.9,inch
../images/41FGbPWhICL.jpg,width,14.96,inch
../images/41FgWBebEzL.jpg,width,12,inch
../images/41FgWBebEzL.jpg,width,72,inch
../images/41fh4g-POTL.jpg,width,30,inch
../images/41fh4g-POTL.jpg,width,27,inch
../images/41Fi4NsznQL.jpg,item_weight,2.0,gram
../images/41FIsAhTlAL.jpg,width,0.65,inch
../images/41FIsAhTlAL.jpg,width,0.83,inch
../images/41fJc3VE6NL.jpg,width,10.63,inch
../images/41fJc3VE6NL.jpg,width,10.63,inch
../images/41fJc3VE6NL.jpg,width,2.36,inch
../images/41fJc3VE6NL.jpg,width,2.17,inch
../images/41fJc3VE6NL.jpg,width,0.98,inch
../images/41fJc3VE6NL.jpg,width,8.07,inch
../images/41fJc3VE6NL.jpg,width,8.07,inch
../images/41fJc3VE6NL.jpg,width,8.07,inch
../images/41fJc3VE6NL.jpg,width,1.77,inch
../images/41fJc3VE6NL.jpg,width,1.57,inch
../images/41fJc3VE6NL.jpg,width,1.38,inch
../images/41fKEi0C2jL.jpg,width,0.04,inch
../images/41fkoJocjLL.jpg,width,2,inch
../images/41fnriOau+L.jpg,width,0.7,inch
../images/41fUhN6orZL.jpg,width,8.8,inch
../images/41fUhN6orZL.jpg,width,8.5,inch
../images/41FUZdeQl8L.jpg,width,00,inch
../images/41FUZdeQl8L.jpg,width,5.91,inch
../images/41FUZdeQl8L.jpg,width,9.45,inch
../images/41FUZdeQl8L.jpg,width,4.72,inch
../images/41FUZdeQl8L.jpg,width,44.49,inch
../images/41FVD7kWE-L.jpg,width,2.16,inch
../images/41FVD7kWE-L.jpg,width,3.46,inch
../images/41FWNffSDQL.jpg,width,6.2,inch
../images/41FWNffSDQL.jpg,width,3.3,inch
../images/41FWNffSDQL.jpg,width,6.2,inch
../images/41FWNffSDQL.jpg,width,3.3,inch
../images/41fXMILVUkL.jpg,width,3.93,inch
../images/41G+s2WBPaL.jpg,width,2,inch
../images/41G+s2WBPaL.jpg,width,97,inch
../images/41G+s2WBPaL.jpg,width,4,inch
../images/41G4au6w4-L.jpg,item_weight,280,gram
../images/41g7nVQZhvL.jpg,width,0.98,inch
../images/41g97do--TL.jpg,width,5.51,inch
../images/41g9jkuxDUL.jpg,width,3,inch
../images/41g9jkuxDUL.jpg,width,1.18,inch
../images/41G9LLkpsML.jpg,width,8.5,inch
../images/41gaujbLPzL.jpg,width,30,inch
../images/41GCGqrAFZL.jpg,width,87,inch
../images/41gDbEwhZIL.jpg,width,5,inch
../images/41GdHxrI0iL.jpg,width,9,inch
../images/41GhQcAiP8L.jpg,width,0.59,inch
../images/41gILAU-JfL.jpg,width,2.75,inch
../images/41gILAU-JfL.jpg,width,10.22,inch
../images/41GJ0JVHpfL.jpg,width,47,inch
../images/41Gj4v4V-xL.jpg,width,17.75,inch
../images/41GJJpGx7-L.jpg,width,6.3,inch
../images/41GJJpGx7-L.jpg,width,12.2,inch
../images/41gjMh72hYS.jpg,width,8.66,inch
../images/41gjMh72hYS.jpg,width,7.87,inch
../images/41gL9fF4RPL.jpg,width,32,inch
../images/41gL9fF4RPL.jpg,width,25,inch
../images/41gLNkvAKrL.jpg,width,9.1,inch
../images/41gloMeuc+L.jpg,width,0.8,inch
../images/41gloMeuc+L.jpg,width,0.8,inch
../images/41gloMeuc+L.jpg,width,0.98,inch
../images/41GmauZ2MuL.jpg,width,42,inch
../images/41GNcaZupmL.jpg,width,8.3,inch
../images/41GNr1BorcL.jpg,width,0.94,inch
../images/41GNr1BorcL.jpg,width,216,inch
../images/41Gr3P7ZBcL.jpg,width,1.93,inch
../images/41Gtb2Vb5nL.jpg,width,1.57,inch
../images/41gulG22HQL.jpg,width,6.29,inch
../images/41gulG22HQL.jpg,width,3.54,inch
../images/41gulG22HQL.jpg,width,61,inch
../images/41GUVhyHsTL.jpg,width,4,inch
../images/41gv6da1K-L.jpg,width,6,inch
../images/41gv6da1K-L.jpg,width,8,inch
../images/41GVqMl+NeL.jpg,width,4.25,inch
../images/41gw6KrXSBL.jpg,width,2,inch
../images/41gXCx-zDWS.jpg,width,1.96,inch
../images/41gXCx-zDWS.jpg,width,96,inch
../images/41GY0HobIzL.jpg,width,3.93,inch
../images/41GY0HobIzL.jpg,width,7.87,inch
../images/41gz3bTpuML.jpg,width,75,inch
../images/41gz3bTpuML.jpg,width,38,inch
../images/41gzbbeZerL.jpg,width,7.6,inch
../images/41h5vP39WtL.jpg,width,17,inch
../images/41h83yHR4ZL.jpg,width,6,inch
../images/41H8gXbP-xL.jpg,width,9.24,inch
../images/41H8gXbP-xL.jpg,width,2.95,inch
../images/41h9k6MbqOS.jpg,width,44,inch
../images/41h9k6MbqOS.jpg,width,50,inch
../images/41HC05b4Y6L.jpg,width,2,inch
../images/41HC05b4Y6L.jpg,width,12.71,inch
../images/41HC05b4Y6L.jpg,width,4.13,inch
../images/41HCKho6oQL.jpg,width,5.91,inch
../images/41HCKho6oQL.jpg,width,7,inch
../images/41HCKho6oQL.jpg,width,1.77,inch
../images/41hdbfwkksL.jpg,width,0.98,inch
../images/41hdbfwkksL.jpg,width,49,inch
../images/41hdbfwkksL.jpg,width,65,inch
../images/41HDuxm532L.jpg,width,52,inch
../images/41HDuxm532L.jpg,width,34,inch
../images/41HDuxm532L.jpg,width,54,inch
../images/41HeIE1VtuL.jpg,width,5.9,inch
../images/41HeIE1VtuL.jpg,width,7.67,inch
../images/41HeIE1VtuL.jpg,width,9.64,inch
../images/41HeZprofXL.jpg,width,1.4,inch
../images/41HeZprofXL.jpg,width,2,inch
../images/41HeZprofXL.jpg,width,1,inch
../images/41hfEORKLsL.jpg,width,8.3,inch
../images/41hfEORKLsL.jpg,width,2.8,inch
../images/41HffRcmYeL.jpg,item_volume,73,litre
../images/41HFYVL++2L.jpg,width,0.94,inch
../images/41hgHgOFJTL.jpg,width,25.6,inch
../images/41hIhQC1z0L.jpg,width,25.59,inch
../images/41HISjlRNEL.jpg,width,0.9,inch
../images/41HjBw0F-bL.jpg,width,5.12,inch
../images/41HjPX1fBRL.jpg,width,3.34,inch
../images/41HJyyuG4oL.jpg,width,1.18,inch
../images/41HJyyuG4oL.jpg,width,2.36,inch
../images/41HkIc1b-pL.jpg,width,14,inch
../images/41HkIc1b-pL.jpg,width,18,inch
../images/41HkIc1b-pL.jpg,width,23,inch
../images/41HkIc1b-pL.jpg,width,13,inch
../images/41HnyqesFIL.jpg,width,3.15,inch
../images/41HnyqesFIL.jpg,width,1.85,inch
../images/41HnyqesFIL.jpg,width,0.12,inch
../images/41HnzhEn8SL.jpg,width,5.51,inch
../images/41HnzhEn8SL.jpg,width,3.15,inch
../images/41HnzhEn8SL.jpg,width,1.97,inch
../images/41HO7IeqUFL.jpg,width,8,inch
../images/41HPIm+m7DL.jpg,width,67,inch
../images/41hrCqBvnnL.jpg,width,45.28,inch
../images/41hrCqBvnnL.jpg,width,4.33,inch
../images/41hrCqBvnnL.jpg,width,5.12,inch
../images/41hrCqBvnnL.jpg,width,9.84,inch
../images/41hrCqBvnnL.jpg,width,4.72,inch
../images/41hrCqBvnnL.jpg,width,10.24,inch
../images/41HspMfyYWL.jpg,width,96,inch
../images/41HspMfyYWL.jpg,width,30,inch
../images/41ht74oElwL.jpg,item_volume,7,cubic inch
../images/41ht74oElwL.jpg,item_volume,140,cubic inch
../images/41ht74oElwL.jpg,item_volume,257,cubic inch
../images/41HXZtkKf3L.jpg,width,1.6,inch
../images/41HXZtkKf3L.jpg,width,3.9,inch
../images/41hZBPeE3PL.jpg,width,15.7,inch
../images/41HzEgJVU0L.jpg,width,99,inch
../images/41HzEgJVU0L.jpg,width,34,inch
../images/41i+1YKWjZL.jpg,width,57,inch
../images/41i+1YKWjZL.jpg,width,24,inch
../images/41I-SUNA60L.jpg,width,6.3,inch
../images/41i0lyYt0SL.jpg,width,6.49,inch
../images/41I1wNkhqXL.jpg,width,0.79,inch
../images/41I1wNkhqXL.jpg,width,1.37,inch
../images/41i5duSAmkL.jpg,width,7.5,inch
../images/41iBd1v+tML.jpg,width,2.8,inch
../images/41ICCOzsarL.jpg,width,1.69,inch
../images/41icL31WbUL.jpg,width,7.9,inch
../images/41ifJln35+L.jpg,width,2.08,inch
../images/41ifJln35+L.jpg,width,2.08,inch
../images/41ifJln35+L.jpg,width,1.96,inch
../images/41ifJln35+L.jpg,width,1.88,inch
../images/41ifJln35+L.jpg,width,1.81,inch
../images/41Ig55AA9KL.jpg,width,36,inch
../images/41Ig55AA9KL.jpg,width,2.36,inch
../images/41igsfMBY8L.jpg,width,14,inch
../images/41igsfMBY8L.jpg,width,21.6,inch
../images/41igsfMBY8L.jpg,width,9.8,inch
../images/41iIDG4UTyL.jpg,width,12,inch
../images/41IKqH5-NZL.jpg,width,15.5,inch
../images/41IKqH5-NZL.jpg,width,9.8,inch
../images/41IKqH5-NZL.jpg,width,3.5,inch
../images/41IKqH5-NZL.jpg,width,5.9,inch
../images/41IKqH5-NZL.jpg,width,6.2,inch
../images/41IKqH5-NZL.jpg,width,8,inch
../images/41iKzbvdMdL.jpg,width,6.69,inch
../images/41ImjfpzfqL.jpg,item_weight,10,ounce
../images/41inghRTnML.jpg,width,8,inch
../images/41IO+THCE3L.jpg,width,5.12,inch
../images/41IO+THCE3L.jpg,width,0.67,inch
../images/41iOLvDbpLL.jpg,width,5,inch
../images/41iSwbDjb8L.jpg,width,3.9,inch
../images/41It9p2jQJL.jpg,width,2.3,inch
../images/41It9p2jQJL.jpg,width,0.39,inch
../images/41itLHHI9qL.jpg,width,23.62,inch
../images/41iusHhQ2qL.jpg,width,18,inch
../images/41ivpQvjDMS.jpg,width,11,inch
../images/41iWhi9fbOL.jpg,width,1.97,inch
../images/41ixVS3bKQL.jpg,width,20,inch
../images/41iZ++u3pbL.jpg,width,3.9,inch
../images/41iZ++u3pbL.jpg,width,7.8,inch
../images/41iZ++u3pbL.jpg,width,47,inch
../images/41iZ++u3pbL.jpg,width,6.7,inch
../images/41iZ++u3pbL.jpg,width,8.6,inch
../images/41izL3kFnkL.jpg,item_weight,250,gram
../images/41iZVPuGW+L.jpg,width,3,inch
../images/41iZVPuGW+L.jpg,width,3,inch
../images/41J+HCMVzOL.jpg,width,2.16,inch
../images/41J+HCMVzOL.jpg,width,8.66,inch
../images/41J-v9qA1bL.jpg,width,20,inch
../images/41j16u3nvAL.jpg,width,24,inch
../images/41j16u3nvAL.jpg,width,1,inch
../images/41J2pSLAyiL.jpg,width,1.2,inch
../images/41J2pSLAyiL.jpg,width,11.4,inch
../images/41J2z15lWoL.jpg,width,1.9,inch
../images/41j4lS5qn8L.jpg,item_weight,175,gram
../images/41j6iXHB+-L.jpg,width,33,inch
../images/41j7Yu28OnL.jpg,width,0.24,inch
../images/41j8IiO30jL.jpg,width,9,inch
../images/41j9XElCH7L.jpg,width,3,inch
../images/41j9XElCH7L.jpg,width,0.2,inch
../images/41j9XElCH7L.jpg,width,2,inch
../images/41j9XElCH7L.jpg,width,4,inch
../images/41JAk10Ph9L.jpg,width,5.9,inch
../images/41jaN2wgBcL.jpg,width,6,inch
../images/41jaN2wgBcL.jpg,width,6,inch
../images/41jBl85KsuL.jpg,item_weight,114,gram
../images/41jFeBic++L.jpg,width,12,inch
../images/41JHfrOG0QL.jpg,width,7,inch
../images/41jIpIdD06L.jpg,width,8.35,inch
../images/41jk9QxDH0S.jpg,width,2.13,inch
../images/41jKBak4-fL.jpg,width,21,inch
../images/41jKBak4-fL.jpg,width,14,inch
../images/41jKbBOCyrL.jpg,width,8,inch
../images/41JKX4UgnKL.jpg,width,1.3,inch
../images/41jmty7P53S.jpg,width,1,inch
../images/41JoiwADKXL.jpg,width,0.15,inch
../images/41JoiwADKXL.jpg,width,31,inch
../images/41jQek5-5YS.jpg,width,18,inch
../images/41jQek5-5YS.jpg,width,20,inch
../images/41jQuB-lQKL.jpg,width,4,inch
../images/41jQuB-lQKL.jpg,width,2.2,inch
../images/41JropWZ-rL.jpg,width,62,inch
../images/41JropWZ-rL.jpg,width,66,inch
../images/41jsqn5Rv9L.jpg,width,1.57,inch
../images/41jsqn5Rv9L.jpg,width,7.09,inch
../images/41jsqn5Rv9L.jpg,width,4.13,inch
../images/41jsqn5Rv9L.jpg,width,2.56,inch
../images/41JsqwopLLL.jpg,width,0.39,inch
../images/41JsqwopLLL.jpg,width,87,inch
../images/41JU7iBvX8L.jpg,width,1.37,inch
../images/41JU7iBvX8L.jpg,width,1.37,inch
../images/41JUChOIjkL.jpg,width,8,inch
../images/41Jupf3IulL.jpg,item_weight,60,gram
../images/41JwDlk0PxL.jpg,width,57,inch
../images/41JwUoaHPqS.jpg,width,17.72,inch
../images/41JwUoaHPqS.jpg,width,6.69,inch
../images/41Jx6yxIR0L.jpg,width,7.9,inch
../images/41Jx6yxIR0L.jpg,width,2,inch
../images/41Jx6yxIR0L.jpg,width,15.9,inch
../images/41jxI8CBd8L.jpg,width,15.98,inch
../images/41jxI8CBd8L.jpg,width,3.38,inch
../images/41jxI8CBd8L.jpg,width,3.54,inch
../images/41JZ-+L4wIL.jpg,width,1.23,inch
../images/41JZ-+L4wIL.jpg,width,1.96,inch
